<?xml version="1.0" encoding="UTF-8"?>
<project-private xmlns="http://www.netbeans.org/ns/project-private/1">
    <editor-bookmarks xmlns="http://www.netbeans.org/ns/editor-bookmarks/2" lastBookmarkId="0"/>
    <open-files xmlns="http://www.netbeans.org/ns/projectui-open-files/2">
        <group>
            <file>file:/C:/Users/LENOVO/Documents/NetBeansProjects/AgenDay/src/agenday/Login.java</file>
            <file>file:/C:/Users/LENOVO/Documents/NetBeansProjects/AgenDay/src/agenday/Main_AgenDay.java</file>
            <file>file:/C:/Users/LENOVO/Documents/NetBeansProjects/AgenDay/src/agenday/WargaSekolah.java</file>
            <file>file:/C:/Users/LENOVO/Documents/NetBeansProjects/AgenDay/src/agenday/Guru.java</file>
            <file>file:/C:/Users/LENOVO/Documents/NetBeansProjects/AgenDay/src/agenday/views/V_Menu.java</file>
        </group>
    </open-files>
</project-private>
